{"chunk_definitions":[{"chunk_id":"cfqvvgat3urjf","chunk_label":"unnamed-chunk-1","document_id":"64A7563F","expansion_state":0,"options":{"engine":"r","label":"unnamed-chunk-1"},"row":25,"row_count":1,"visible":true},{"chunk_id":"cwzl6j3bsjvk0","chunk_label":"unnamed-chunk-2","document_id":"64A7563F","expansion_state":0,"options":{"engine":"r","label":"unnamed-chunk-3"},"row":47,"row_count":1,"visible":true},{"chunk_id":"c7tfb3miaf1g8","chunk_label":"unnamed-chunk-8","document_id":"64A7563F","expansion_state":0,"options":{"engine":"r","label":"unnamed-chunk-5"},"row":193,"row_count":1,"visible":true},{"chunk_id":"c0k67c3kb8bcz","chunk_label":"unnamed-chunk-9","document_id":"64A7563F","expansion_state":0,"options":{"engine":"r","label":"unnamed-chunk-1"},"row":210,"row_count":1,"visible":true},{"chunk_id":"ct5zolrzijqg4","chunk_label":"unnamed-chunk-10","document_id":"64A7563F","expansion_state":0,"options":{"engine":"r","label":"unnamed-chunk-4"},"row":240,"row_count":1,"visible":true},{"chunk_id":"c08lsi0ddtupb","chunk_label":"unnamed-chunk-11","document_id":"64A7563F","expansion_state":0,"options":{"engine":"r","label":"unnamed-chunk-1"},"row":255,"row_count":1,"visible":true},{"chunk_id":"c8jkmeedgo8jg","chunk_label":"unnamed-chunk-12","document_id":"64A7563F","expansion_state":0,"options":{"engine":"r","label":"unnamed-chunk-1"},"row":271,"row_count":1,"visible":true}],"chunk_rendered_width":700,"doc_write_time":1524750721}