{"chunk_definitions":[{"chunk_id":"c8s3yxg5yl83d","chunk_label":"unnamed-chunk-17","document_id":"8A579AC4","expansion_state":0,"options":{"engine":"r","label":"unnamed-chunk-6"},"row":355,"row_count":1,"visible":true},{"chunk_id":"ciu6x1jv6u2ls","chunk_label":"unnamed-chunk-19","document_id":"8A579AC4","expansion_state":1,"options":{"engine":"r","label":"unnamed-chunk-9"},"row":368,"row_count":1,"visible":true},{"chunk_id":"coz5udz563nk1","chunk_label":"unnamed-chunk-21","document_id":"8A579AC4","expansion_state":1,"options":{"engine":"r","label":"unnamed-chunk-2"},"row":380,"row_count":1,"visible":true},{"chunk_id":"cxxznvdd5iusg","chunk_label":"unnamed-chunk-23","document_id":"8A579AC4","expansion_state":0,"options":{"engine":"r","label":"unnamed-chunk-1"},"row":393,"row_count":1,"visible":true}],"chunk_rendered_width":502,"doc_write_time":1524759558}